id,name,date,star,text
1,仙客來海鮮庭園餐廳,2017/05/12,1,"""價位有點高。"""
2,仙客來海鮮庭園餐廳,2017/05/12,5,"""吃粗飽不貴，離捷運不遠，"""
3,仙客來海鮮庭園餐廳,2017/05/12,5,""" 絕對是該地區最受歡迎的餐廳之一。在輕鬆的啤酒花園環境中享用美食，，"""
4,仙客來海鮮庭園餐廳,2017/05/12,5,"""超級好吃的熱炒店 !!!"""
5,仙客來海鮮庭園餐廳,2017/05/12,3,"""上菜速度實在太慢，蒜泥白肉不錯 ，龍珠普普，鳳梨蝦球讚，客家小炒還可以，鐵板肉類還不錯"""
6,仙客來海鮮庭園餐廳,2017/05/12,5,""" 出菜速度快，好吃！，，"""
7,仙客來海鮮庭園餐廳,2017/05/12,3,"""餐點還ok，需要提早訂位，客人很多"""
8,仙客來海鮮庭園餐廳,2017/05/12,4,"""用餐環境不錯，適合下班聚餐。"""
9,仙客來海鮮庭園餐廳,2017/05/12,4,"""老店，東西不錯，還可以抽煙"""
10,仙客來海鮮庭園餐廳,2017/05/12,2,"""搬家之後越來越弱"""
11,仙客來海鮮庭園餐廳,2017/05/12,3,"""菜色多便宜飯可以吃到飽"""
12,仙客來海鮮庭園餐廳,2017/05/12,4,"""交通方便，彩色多，物美價廉"""
13,仙客來海鮮庭園餐廳,2017/05/12,4,"""好吃 ，不貴"""
14,仙客來海鮮庭園餐廳,2017/05/12,4,"""不錯，價位合理"""
15,仙客來海鮮庭園餐廳,2017/05/12,4,"""離捷運站近，喝酒也不用擔心散場交通，空間大坐起來挺舒服的，菜色不錯價錢不貴，朋友聊天喝酒的好地方，另外老闆人也很好，掉了東西還會幫忙保留，服務好就是讚"""
16,仙客來海鮮庭園餐廳,2017/05/12,4,"""東西不錯 ! 走一般大眾口味。價錢實惠，是和朋友小酌聚會的好地方。"""
17,仙客來海鮮庭園餐廳,2017/05/12,4,"""熱炒推薦，停車不易"""
18,仙客來海鮮庭園餐廳,2017/05/12,3,"""以中價位來說免強可以接受，但食物較死鹹，並沒有特殊之處。"""
19,仙客來海鮮庭園餐廳,2017/05/12,4,"""平價熱炒店，有戶外座較寬廣，室內較小。"""
20,仙客來海鮮庭園餐廳,2017/05/12,5,"""座位很多。也乾淨。服務品質優。兩人也很歡迎。菜色多。兩人吃三百多元。吃得很豐盛。"""
21,仙客來海鮮庭園餐廳,2017/05/12,4,""" 聚餐小酌的好地方，，"""
22,仙客來海鮮庭園餐廳,2017/05/12,3,"""份量小又貴，不如去大發！"""
23,仙客來海鮮庭園餐廳,2017/05/12,4,"""C/P值高，大眾口味"""
24,仙客來海鮮庭園餐廳,2017/05/12,5,"""料理好，氣氛佳"""
25,仙客來海鮮庭園餐廳,2017/05/12,4,"""吃過三次 豆腐好吃"""
26,仙客來海鮮庭園餐廳,2017/05/12,5,""" 新菜好好吃，，"""
27,仙客來海鮮庭園餐廳,2017/05/12,4,"""菜的味道蠻符合口味的"""
28,仙客來海鮮庭園餐廳,2017/05/12,5,"""烤斑鳩好吃"""
29,仙客來海鮮庭園餐廳,2017/05/12,3,"""便宜還可以"""
30,仙客來海鮮庭園餐廳,2017/05/12,5,"""不錯吃的餐廰"""
31,仙客來海鮮庭園餐廳,2017/05/12,5,"""不錯吃 很少地雷"""
32,仙客來海鮮庭園餐廳,2017/05/12,4,""" 好的C / P.，，"""
33,仙客來海鮮庭園餐廳,2017/05/12,4,"""東西好吃"""
34,仙客來海鮮庭園餐廳,2017/05/12,5,"""家庭小聚會的好地方。平價且好吃！"""
35,仙客來海鮮庭園餐廳,2017/05/12,5,"""物美價廉！"""
36,仙客來海鮮庭園餐廳,2017/05/12,5,""" 喜歡的食物！適合團體聚會，價格明顯便宜。，，"""
37,仙客來海鮮庭園餐廳,2017/05/12,4,"""不錯 份量可以在多一點"""
38,仙客來海鮮庭園餐廳,2017/05/12,5,""" 高cP好吃，，"""
39,仙客來海鮮庭園餐廳,2017/05/12,4,"""價格公道，鹹蛋杏鮑菇，炒螺肉很下飯"""
40,仙客來海鮮庭園餐廳,2017/05/12,5,"""菜色多元又好吃，老闆娘還很親切"""
41,仙客來海鮮庭園餐廳,2017/05/12,4,""" 好吃~，，"""
42,仙客來海鮮庭園餐廳,2018/05/12,3,"""有戶外區"""
43,仙客來海鮮庭園餐廳,2018/05/12,4,"""口味偏鹹，是一個三五好友聚餐聊天的好去處，但是不適合有太小的孩子去。"""
44,仙客來海鮮庭園餐廳,2018/05/12,4,""" 普普通通，，"""
45,仙客來海鮮庭園餐廳,2018/05/12,4,"""口味重，最近新增冰淇淋吃到飽，適合聚餐，開很晚"""
46,仙客來海鮮庭園餐廳,2018/05/12,5,""" 便宜又好吃，，"""
47,仙客來海鮮庭園餐廳,2018/05/12,4,"""價格便宜，菜色不錯，是平價熱炒店中性價比很高的"""
48,仙客來海鮮庭園餐廳,2018/05/12,5,""" 吃飯的好地方！，，"""
49,仙客來海鮮庭園餐廳,2018/05/12,4,""" 上菜速度快，口味好。，，"""
50,仙客來海鮮庭園餐廳,2018/05/12,4,""" 標準份量，炒的味道都很濃鬱，鮭魚肚也很好吃，炒苦瓜、蛤蜊真的很好吃，，"""
51,仙客來海鮮庭園餐廳,2018/05/12,4,"""北投區還算不錯的熱炒。口味重，生魚片很新鮮。生意很好。"""
52,仙客來海鮮庭園餐廳,2018/05/12,4,"""菜色多樣。口味偏重。"""
53,仙客來海鮮庭園餐廳,2018/05/12,4,"""菜色非常的多樣化，味道屬於偏重鹹的，所以是一個喝酒聊天的好地方，因為喝完酒就是要吃這一種重鹹口味的。"""
54,仙客來海鮮庭園餐廳,2018/05/12,5,""" 味美價廉專門的工作人員高興，，"""
55,仙客來海鮮庭園餐廳,2018/05/12,3,"""這裡除了第一次和人社郭老師的同修課同學來過，，第二次和最近的這一次是和IHP的拜把的朋友來作客的；，雖然說沒有驚為天人的好吃，，但總是一種台灣熱炒的氣氛，，而特別是對於我離開台灣這三個月，，最心心掛念的就是這一切又一切我原本所熟悉的台灣菜，，畢竟是土生土長，，我還是習慣這樣的菜，，即使比起家常菜更鹹更油，，但火爐味一點都不缺少，，人情味、台灣味更讓人思鄉；，怎樣都比印尼的東西好吃，，不是嗎？"""
56,仙客來海鮮庭園餐廳,2018/05/12,4,"""朋友聚會好地方，戶外有點熱，價格實在"""
57,仙客來海鮮庭園餐廳,2018/05/12,4,"""聚餐吃飯的好去處"""
58,仙客來海鮮庭園餐廳,2018/05/12,5,"""你寂寞嗎？晚上夜深人靜的時候會想找個人陪嗎？精蟲沖腦的時候只能打手槍嗎？男人啊對自己好一點 弟弟是很重要的~ 加靜怡賴twtitter 讓你告別單身打手槍的生活"""
59,仙客來海鮮庭園餐廳,2018/05/12,3,""" 聚餐好地方，，"""
60,仙客來海鮮庭園餐廳,2018/05/12,3,"""偶爾來吃吃還可以"""
61,仙客來海鮮庭園餐廳,2018/05/12,4,"""熱鬧氣氛佳"""
62,仙客來海鮮庭園餐廳,2018/05/12,5,"""菜看起來乾淨、好吃、份量大，飯吃到飽。便宜。啤酒也便宜"""
63,仙客來海鮮庭園餐廳,2018/05/12,4,"""東西好吃 """
64,仙客來海鮮庭園餐廳,2018/05/12,5,"""蠻好吃的！上菜速度也算快～不過常會碰到有人抽菸～介意小孩吸二手菸的家長可能要考慮一下～"""
65,仙客來海鮮庭園餐廳,2018/05/12,5,"""神級熱炒店，一生一定要來吃一次"""
66,仙客來海鮮庭園餐廳,2018/05/12,3,"""類似快炒的餐廳，蠻適合下班後與同事聚會喝酒的地方。口味還不錯。內用提供免費白飯＆冰淇淋。"""
67,仙客來海鮮庭園餐廳,2018/05/12,5,"""空間寬敞 出菜快 熱炒好吃又便宜 聚會小酌好場所"""
68,仙客來海鮮庭園餐廳,2018/05/12,5,"""平價美食料理 ，高朋滿座 。"""
69,仙客來海鮮庭園餐廳,2018/05/12,3,"""增加冰品可享用，熱炒好去處"""
70,仙客來海鮮庭園餐廳,2018/05/12,3,"""上菜速度快，但味道、環境普通"""
71,仙客來海鮮庭園餐廳,2018/05/12,5,"""評價好吃，上菜速度快！！"""
72,仙客來海鮮庭園餐廳,2018/05/12,1,"""份量越來越少，口味都變調"""
73,仙客來海鮮庭園餐廳,2018/05/12,4,"""人多，要在現場等排位，菜色不錯"""
74,仙客來海鮮庭園餐廳,2018/05/12,4,"""可以刷卡的快炒店~也會開發票!!!讚讚"""
75,仙客來海鮮庭園餐廳,2018/05/12,4,""" 這是一家非常好的海鮮餐廳，提供啤酒！，，"""
76,仙客來海鮮庭園餐廳,2018/05/12,5,""" 好吃，，"""
77,仙客來海鮮庭園餐廳,2018/05/12,4,"""東西還可以 白飯冰淇淋免費續到飽"""
78,仙客來海鮮庭園餐廳,2018/05/12,4,"""熱炒小酌好去處"""
79,仙客來海鮮庭園餐廳,2018/05/12,3,"""好吃但份量少了一點"""
80,仙客來海鮮庭園餐廳,2018/05/12,4,"""價位合宜 飯菜味道還不錯……"""
81,仙客來海鮮庭園餐廳,2018/05/12,3,""" 百元快炒店，但100元的菜不多了。菜的味道可接受，，"""
82,仙客來海鮮庭園餐廳,2018/05/12,3,"""料理新鮮又美味"""
83,仙客來海鮮庭園餐廳,2018/05/12,5,"""推薦宮保皮蛋"""
84,仙客來海鮮庭園餐廳,2018/05/12,4,"""唭哩岸附近熱炒店首選"""
85,仙客來海鮮庭園餐廳,2018/05/12,3,"""快炒平價"""
86,仙客來海鮮庭園餐廳,2018/05/12,3,"""菜色多 品質穩定 聚會好場所"""
87,仙客來海鮮庭園餐廳,2018/05/12,1,"""份量少、餐點普通，重點店員服務態度極度的差！，不會再來了！"""
88,仙客來海鮮庭園餐廳,2018/05/12,5,""" 便宜好吃，，"""
89,仙客來海鮮庭園餐廳,2018/05/12,4,"""口味不錯，價格合理"""
90,仙客來海鮮庭園餐廳,2018/05/12,4,"""價位合理，東西也還不錯，適合朋友聚會"""
91,仙客來海鮮庭園餐廳,2018/05/12,4,"""物美價廉 晚上去那邊用餐感覺很不錯"""
92,仙客來海鮮庭園餐廳,2018/05/12,5,""" CP值超高，，"""
93,仙客來海鮮庭園餐廳,2018/05/12,5,"""C/P 非常高 令人驚喜的好餐廳 海鮮蛤仔很新鮮 三杯雞是真土雞 價格親民 口味實在 好到不得不推薦"""
94,仙客來海鮮庭園餐廳,2018/05/12,4,"""CP值高，出菜速度快，適合親朋好友聚餐。"""
95,仙客來海鮮庭園餐廳,2018/05/12,3,"""快炒餐廳，但服務品質有待加強"""
96,仙客來海鮮庭園餐廳,2018/05/12,5,"""吃飯拼酒的好地方"""
97,仙客來海鮮庭園餐廳,2018/05/12,3,"""蠻油的"""
98,仙客來海鮮庭園餐廳,2018/05/12,2,""" 很吵，，"""
99,仙客來海鮮庭園餐廳,2018/05/12,2,"""太吵，東西普通"""
100,仙客來海鮮庭園餐廳,2018/05/12,5,""" 不分平假日都很多人的庭園熱炒店，從小吃到大，在我的印像中幾乎沒有地雷菜，帶爸媽跟朋友來吃也都很有面子，，這次3位朋友聚會，點了5道菜（後來每人吃了2碗飯），三杯雞很嫩（三杯雞外面很多地雷），鐵板牛柳肉嫩（黑胡椒跟洋蔥炒的入味），宮保皮蛋好吃但有點辣，鐵板豆腐很道地，豆腐完美搭配紅蘿蔔筍子，水蓮也炒的不會太老，，"""
101,仙客來海鮮庭園餐廳,2018/05/12,3,"""在陽明大學附近，算是該區熱炒店場地較大的，價格算適中。"""
102,仙客來海鮮庭園餐廳,2018/05/12,5,""" 好吃！，，"""
103,仙客來海鮮庭園餐廳,2018/05/12,5,"""好吃，坐位不擁擠"""
104,仙客來海鮮庭園餐廳,2018/05/12,3,"""用餐環境寬敞，附有機車停車場"""
105,仙客來海鮮庭園餐廳,2018/05/12,2,"""真的偏鹹⋯不會再去"""
106,仙客來海鮮庭園餐廳,2018/05/12,4,"""不錯吃的熱炒店"""
107,仙客來海鮮庭園餐廳,2018/05/12,4,"""平價庭園熱炒店，有生鮮海產，環境明亮用餐環境佳"""
108,仙客來海鮮庭園餐廳,2018/05/12,4,"""適合聚餐的地方，價格合理。"""
109,仙客來海鮮庭園餐廳,2018/05/12,4,"""簡單方便"""
110,仙客來海鮮庭園餐廳,2018/05/12,3,"""一般般的熱炒餐廳，稍嫌沒有特色"""
111,仙客來海鮮庭園餐廳,2018/05/12,4,"""推薦炒水蓮 松阪豬 三杯杏鮑菇，雖然價錢不算很便宜，但是跟三五好友邊聊邊吃很開心，上菜算是蠻快的，中午人很少的時候更快，店員大部分都蠻親切的，有時候去買一碗白飯，他們也不會不耐煩，算是會讓人想再去的一家熱炒"""
112,仙客來海鮮庭園餐廳,2018/05/12,5,""" 熱炒搭配18生為絶配 餐廳離捷運石牌一號出口近 可以讓您暢飲沒酒駕的麻煩 食材新鮮 環境衛生場地不會擁擠 是同事朋友聚餐的好選擇，，"""
113,仙客來海鮮庭園餐廳,2018/05/12,5,"""酸辣蝦好吃"""
114,仙客來海鮮庭園餐廳,2018/05/12,3,"""不錯吃的海鮮熱炒店，但是，吃晚後有口乾舌燥感"""
115,仙客來海鮮庭園餐廳,2018/05/12,5,"""好吃 位置多 白飯免費"""
116,仙客來海鮮庭園餐廳,2018/05/12,4,"""可以家庭聚會或同學聚餐場地夠，菜色多元可依自己的消費自由選擇。"""
117,仙客來海鮮庭園餐廳,2018/05/12,4,"""好吃，員工親切！"""
118,仙客來海鮮庭園餐廳,2018/05/12,4,"""適合同事，老朋友聚餐小酌的好地方~"""
119,仙客來海鮮庭園餐廳,2018/05/12,4,"""自在的吃東西喝啤酒"""
120,仙客來海鮮庭園餐廳,2018/05/12,4,"""Cp值高，口袋不深的好去處"""
121,仙客來海鮮庭園餐廳,2018/05/12,5,""" 好吃出菜快，，"""
122,仙客來海鮮庭園餐廳,2018/05/12,3,"""飯偏硬，同道菜味道可能每次去都不太一樣，不過有無限供應飯和冰淇淋"""
123,仙客來海鮮庭園餐廳,2018/05/12,3,"""東西好吃"""
124,仙客來海鮮庭園餐廳,2018/05/12,4,"""朋友聚餐喝酒好地方，味道偏鹹"""
125,仙客來海鮮庭園餐廳,2018/05/12,3,""" 喝啤酒，，"""
126,仙客來海鮮庭園餐廳,2018/05/12,5,"""魚下巴必點。"""
127,仙客來海鮮庭園餐廳,2018/05/12,5,"""調味不錯，不會很鹹，但有點油"""
128,仙客來海鮮庭園餐廳,2018/05/12,3,"""離捷運站很近的快炒"""
129,仙客來海鮮庭園餐廳,2018/05/12,4,"""聚餐好點"""
130,仙客來海鮮庭園餐廳,2018/05/12,4,"""便宜又好吃，是聚餐的好地方。是北投石牌熱炒店中最好的選擇之一。"""
131,仙客來海鮮庭園餐廳,2018/05/12,5,"""快炒的菜都好好吃，可是免費吃的飯比較硬，談天聚餐的好所在！"""
132,仙客來海鮮庭園餐廳,2018/05/12,2,"""環境麻麻"""
133,仙客來海鮮庭園餐廳,2018/05/12,4,"""物美價廉，交通方便"""
134,仙客來海鮮庭園餐廳,2018/05/12,4,"""平價不錯……"""
135,仙客來海鮮庭園餐廳,2018/05/12,4,"""價格親民味美"""
136,仙客來海鮮庭園餐廳,2018/05/12,4,"""菜色價位均可接受，位置寬敞。"""
137,仙客來海鮮庭園餐廳,2018/05/12,5,"""好吃，上菜速度快，白飯、冰淇淋吃到飽"""
138,仙客來海鮮庭園餐廳,2018/05/12,3,"""看來生意不錯"""
139,仙客來海鮮庭園餐廳,2018/05/12,4,"""聚餐的好所在，熱炒裡面算中上好吃的店家，選擇種類很多，不過大多偏油"""
140,仙客來海鮮庭園餐廳,2018/05/12,4,""" 聚餐的好地方，，"""
141,仙客來海鮮庭園餐廳,2018/05/12,3,"""平價份量稍微少，無限飯和冰淇淋加甜筒餅乾"""
142,仙客來海鮮庭園餐廳,2018/05/12,5,"""最便宜又好吃~點菜快速的快炒店~"""
143,仙客來海鮮庭園餐廳,2018/05/12,4,"""分量足夠 有機車停車位"""
144,仙客來海鮮庭園餐廳,2018/05/12,5,"""好吃的百元熱炒，菜色多樣選擇，份量多實在，與朋友聯絡感情的好去處"""
145,仙客來海鮮庭園餐廳,2018/05/12,5,"""還好 只能打5星 訂了鹹蛋苦瓜 他們上給我杏苞菇鹹蛋   我沒辦法說什麼  希望他們進步些"""
146,仙客來海鮮庭園餐廳,2018/05/12,3,""" 喝酒聊天的好地方，，"""
147,仙客來海鮮庭園餐廳,2018/05/12,3,"""還不錯吃"""
148,仙客來海鮮庭園餐廳,2018/05/12,4,"""東西還不錯吃"""
149,仙客來海鮮庭園餐廳,2018/05/12,4,"""快炒餐廳，價格一般但盤子與一般快炒店相比小很多，但好吃，適合多人聚餐的場所"""
150,仙客來海鮮庭園餐廳,2018/05/12,5,"""好吃，新鮮又不貴"""
151,仙客來海鮮庭園餐廳,2018/05/12,3,"""菜色不錯吃，服務人員態度好"""
152,仙客來海鮮庭園餐廳,2018/05/12,4,"""價格公道，物有所值"""
153,仙客來海鮮庭園餐廳,2018/05/12,4,"""三杯雞好吃，炒羊肉不腥羶，有水果白飯冰淇淋無限供應，整體來說會值得再來！"""
154,仙客來海鮮庭園餐廳,2018/05/12,5,"""店貓名字叫⋯美女😄"""
155,仙客來海鮮庭園餐廳,2018/05/12,5,"""不錯吃"""
156,仙客來海鮮庭園餐廳,2018/05/12,5,""" 好吃，，"""
157,仙客來海鮮庭園餐廳,2018/05/12,4,"""已經像是自己廚房的感覺了，菜色豐富很大眾口味，永遠吃不膩，聚餐，大宴小酌，小吃或外帶.....皆是首選"""
158,仙客來海鮮庭園餐廳,2018/05/12,4,"""物美價廉"""
159,仙客來海鮮庭園餐廳,2018/05/12,3,"""感覺味道偏甜"""
160,仙客來海鮮庭園餐廳,2018/05/12,5,"""味道偏重很適合配上啤酒，喜歡清淡的不推薦去。"""
161,仙客來海鮮庭園餐廳,2018/05/12,3,"""漲價了，感覺盤子也變小很多，料的部分也明顯減量，冰的部分也沒有我愛吃的"""
162,仙客來海鮮庭園餐廳,2018/05/12,5,""" 快炒100，，"""
163,仙客來海鮮庭園餐廳,2018/05/12,4,"""好吃，價格平易近人！"""
164,仙客來海鮮庭園餐廳,2018/05/12,5,""" 菜色CP值很高，，"""
165,仙客來海鮮庭園餐廳,2018/05/12,3,""" 不好吃，，"""
166,仙客來海鮮庭園餐廳,2018/05/12,3,"""環境不錯 味道普通"""
167,仙客來海鮮庭園餐廳,2018/05/12,5,""" 非常棒的食物真的很美味..，，"""
168,仙客來海鮮庭園餐廳,2018/05/12,5,"""不錯"""
169,仙客來海鮮庭園餐廳,2018/05/12,5,""" 好吃又便宜，，"""
170,仙客來海鮮庭園餐廳,2018/05/12,5,"""吃熱炒很推這家"""
171,仙客來海鮮庭園餐廳,2018/05/12,3,""" 百元快炒店，不能要求太高，，"""
172,仙客來海鮮庭園餐廳,2018/05/12,5,"""平價 好吃  有抽煙區"""
173,仙客來海鮮庭園餐廳,2018/05/12,5,"""位於捷運唭哩岸站與捷運石牌站中間，是相當便利的地理位置。熱炒類選擇非常多，個人喜歡三杯中卷，炒水蓮，客家小炒，龍珠，苦瓜鹹蛋，松阪豬...等等，店內也很貼心的提供有三種用餐環境，有室內冷氣房，有室外熱鬧區，也有室外吸煙區，如果天氣冷的時候還會開暖爐給你吹呢！除了白飯吃到飽外，店內也有提供小朋友喜歡的冰淇淋，偶爾店家也會提供切好的水果放在飯桶旁供客人食用。而且在貴森森的大台北地區，店內酒水價格也算合理，最便宜的一支玻璃瓶50元而已。"""
174,仙客來海鮮庭園餐廳,2018/05/12,5,""" 好吃 物超所值，，"""
175,仙客來海鮮庭園餐廳,2018/05/12,5,"""好吃又不貴，店家舒適性夠"""
176,仙客來海鮮庭園餐廳,2018/05/12,4,"""很老的熱炒店，好吃穩定度跟性價均值很高，聚餐，吃個飽，通通可以！"""
177,仙客來海鮮庭園餐廳,2018/05/12,4,"""價格很平價，出菜也很快，反桌率也快，節日要訂位比較好。"""
178,仙客來海鮮庭園餐廳,2018/05/12,4,"""好吃，價錢合宜"""
179,仙客來海鮮庭園餐廳,2018/05/12,3,"""Cp值不夠高 但仍然是聚餐小酌的好去處 餐點品質普通 與一般熱炒店沒什麼兩樣 不過有加上冰淇淋與白飯無限享用還不錯"""
180,仙客來海鮮庭園餐廳,2019/05/12,4,"""熱炒便宜好吃，聚餐好所在讚！"""
181,仙客來海鮮庭園餐廳,2019/05/12,4,"""菜色多樣，有冰淇淋、白飯無限供應。"""
182,仙客來海鮮庭園餐廳,2019/05/12,3,""" 三杯好吃，，"""
183,仙客來海鮮庭園餐廳,2019/05/12,4,"""很標準的熱炒店"""
184,仙客來海鮮庭園餐廳,2019/05/12,4,"""菜色多樣環境舒適，白飯吃到飽喝酒聊天聚會的好地方，量多又新鮮"""
185,仙客來海鮮庭園餐廳,2019/05/12,3,"""口味一直都不錯，但是價格一直漲份量一直減，如果不是比較晚，真推薦多走幾步前面的川菜料理"""
186,仙客來海鮮庭園餐廳,2019/05/12,4,""" 好吃，，"""
187,仙客來海鮮庭園餐廳,2019/05/12,4,"""價位中等，適合多人小聚的熱炒店，也適合小家庭用餐。"""
188,仙客來海鮮庭園餐廳,2019/05/12,3,"""放鬆"""
189,仙客來海鮮庭園餐廳,2019/05/12,5,"""便宜好吃又可以抽煙"""
190,仙客來海鮮庭園餐廳,2019/05/12,4,"""還不錯的菜色與用餐環境"""
191,仙客來海鮮庭園餐廳,2019/05/12,2,"""店內十分吵雜無法正常講話，沒有以前好吃品質下降中，蔥油雞肉有腐味，炒水蓮生硬好像吃草，每樣菜份量少得可憐，價錢又悄悄一直漲，請客讓我很丟臉的一家店，下次再也不會去了"""
192,仙客來海鮮庭園餐廳,2019/05/12,3,"""快炒店 說庭園有點勉強"""
193,仙客來海鮮庭園餐廳,2019/05/12,2,"""本身是廚師，所以我吃起來感覺就是隨便炒炒，跟以前差很多"""
194,仙客來海鮮庭園餐廳,2019/05/12,5,""" 聚餐cp值高的好地方，，"""
195,仙客來海鮮庭園餐廳,2019/05/12,5,""" 環境好停機車腳踏車很方便。，，"""
196,仙客來海鮮庭園餐廳,2019/05/12,3,""" 便宜快炒，，"""
197,仙客來海鮮庭園餐廳,2019/05/12,3,""" 好吃，，"""
198,仙客來海鮮庭園餐廳,2019/05/12,5,"""好吃，大節日人都超多"""
199,仙客來海鮮庭園餐廳,2019/05/12,5,""" 好，，"""
200,仙客來海鮮庭園餐廳,2019/05/12,5,"""東西便宜好吃"""
201,仙客來海鮮庭園餐廳,2019/05/12,4,"""一般性的熱炒店，環境不錯，有庭院有室內有吸煙餐飲區，除吸煙區外皆有冷氣，價位合理，屬中等以下消費，聚餐好場所，啤酒飲料豐富，有酒促美眉服務，氣氛不錯，冰淇淋 All you can eat。"""
202,仙客來海鮮庭園餐廳,2019/05/12,4,""" 聚餐的好地方，出菜快速！，，"""
203,仙客來海鮮庭園餐廳,2019/05/12,1,""" 出餐快,口味不過不失,價格合理。但昨晚吃完準備要結賬時突然飛耒一支大蟑螂。太可怕。也不顧儀態立馬衝出大門結帳走人。，，"""
204,仙客來海鮮庭園餐廳,2019/05/12,1,"""五年來價格上升品質下降，口味不變"""
205,仙客來海鮮庭園餐廳,2019/05/12,4,"""菜不錯吃，價格適中"""
206,仙客來海鮮庭園餐廳,2019/05/12,4,"""東西不錯吃"""
207,仙客來海鮮庭園餐廳,2019/05/12,2,""" 平民美食，，"""
208,仙客來海鮮庭園餐廳,2019/05/12,3,""" 料理好吃，，"""
209,仙客來海鮮庭園餐廳,2019/05/12,5,"""價格親民 料理美味 極適合多人聚餐"""
210,仙客來海鮮庭園餐廳,2019/05/12,1,""" 我在食物中發現的......，，"""
211,仙客來海鮮庭園餐廳,2019/05/12,4,"""菜色豐富好吃 環境熱鬧"""
212,仙客來海鮮庭園餐廳,2019/05/12,5,"""好吃 無雷"""
213,仙客來海鮮庭園餐廳,2019/05/12,4,"""適合小酌聊天的地方，菜色便宜水準平均都還可以！"""
214,仙客來海鮮庭園餐廳,2019/05/12,5,"""還行 小貴 不過朋友小聚還不錯"""
215,仙客來海鮮庭園餐廳,2019/05/12,5,"""三五好友聚會的場所。，大推水煮牛肉，好吃啊！，雖然辣味，不敢吃的，也推薦嚐一嚐。，而且白飯、冰淇淋無限提供：）"""
216,仙客來海鮮庭園餐廳,2019/05/12,2,"""服務不夠"""
217,仙客來海鮮庭園餐廳,2019/05/12,3,"""CP值不錯"""
218,仙客來海鮮庭園餐廳,2019/05/12,4,""" 好吃，便宜，，"""
219,仙客來海鮮庭園餐廳,2019/05/12,5,"""快炒店 服務ok，有免費冰淇淋，價格大眾化"""
220,仙客來海鮮庭園餐廳,2019/05/12,4,""" 台灣餐廳價格合理。適合朋友和家人聚會。各種食物都在這裡供應，無論是烤海鮮，牛排，生魚片，油炸菜餚還是燉菜，我敢肯定你可以在這裡找到你喜歡的東西！我想他們打算讓他們的食物更咸一點，這樣你可能會在那裡點更多的啤酒。然而，蒸米飯是免費的，絕對美味，所以你只需放鬆一下！乾杯!，，"""
221,仙客來海鮮庭園餐廳,2019/05/12,4,"""適合多人聚餐小酌，菜色多樣，價格實惠，水準之上。"""
222,仙客來海鮮庭園餐廳,2019/05/12,4,"""熱炒家常菜！價格平易近人！口味道地！一般客人到訪；居家宴客簡單方便！"""
223,仙客來海鮮庭園餐廳,2019/05/12,5,"""不貴，而且他們的白飯超Q超好吃"""
224,仙客來海鮮庭園餐廳,2019/05/12,4,"""地方熱炒，免服務費，新鮮美味"""
225,仙客來海鮮庭園餐廳,2019/05/12,4,"""有分吸煙區和非吸煙區，味道不錯，價格稍微貴了些。"""
226,仙客來海鮮庭園餐廳,2019/05/12,5,"""有點熱以外，菜還不錯"""
227,仙客來海鮮庭園餐廳,2019/05/12,5,"""淡水河畔賞夜景的好地方"""
228,仙客來海鮮庭園餐廳,2019/05/12,3,"""菜色多且上菜速度控制的很好，環境明亮，cp值高。"""
229,仙客來海鮮庭園餐廳,2019/05/12,4,"""天天都是人潮，菜色豐富，還有現撈的海鮮。價格公道。可以預約訂位。"""
230,仙客來海鮮庭園餐廳,2019/05/12,4,""" 生意好，便宜，，"""
231,仙客來海鮮庭園餐廳,2019/05/12,4,"""適合聚會，雖然價位比一般熱炒店貴一點，但味道不錯，不會只是死鹹配酒的菜而已"""
232,仙客來海鮮庭園餐廳,2019/05/12,3,"""菜是不難吃，但價位有點偏高。"""
233,仙客來海鮮庭園餐廳,2019/05/12,5,"""還不錯的用餐環境！"""
234,仙客來海鮮庭園餐廳,2019/05/12,5,"""口味很好常來吃"""
235,仙客來海鮮庭園餐廳,2019/05/12,5,""" 菜量多，，"""
236,仙客來海鮮庭園餐廳,2019/05/12,4,"""餐點新鮮，停車位較難找。"""
237,仙客來海鮮庭園餐廳,2019/05/12,4,""" 很好吃，，"""
238,仙客來海鮮庭園餐廳,2019/05/12,3,"""普通的熱炒店"""
239,仙客來海鮮庭園餐廳,2019/05/12,4,"""不錯"""
240,仙客來海鮮庭園餐廳,2019/05/12,5,"""還不錯"""
241,仙客來海鮮庭園餐廳,2019/05/12,4,"""本店是住在天母、北投石牌一帶的人，最常選擇的熱炒店之一，老闆娘及店員們的服務都很親切，餐點的CP值也算頗高，不會像有些標榜百元熱炒結果份量都少的讓人大吃一驚。，在這裡我們比較常點的有苦瓜鹹蛋、龍珠、三杯中卷、滑蛋蝦仁等等，都比一般熱炒店來的優秀！不過以前來這邊必點的宮保皮蛋，不知道是不是廚師有更換，味道大不如前，除此之外其他料理基本上不會有雷。，在這裡還有一個非常大的優點，那就是這裡的bar啤酒一瓶只要50元，真的大大造福了愛喝酒的我們！這也是我時常來光顧的一大原因，哈哈！"""
242,仙客來海鮮庭園餐廳,2019/05/12,3,"""交通便利 味美價廉"""
243,仙客來海鮮庭園餐廳,2019/05/12,4,""" 方便，出菜快速。，，"""
244,仙客來海鮮庭園餐廳,2019/05/12,5,"""從小吃到大的平價熱炒店，座位不少，白飯吃到飽"""
245,仙客來海鮮庭園餐廳,2019/05/12,5,"""適合聚餐的地方"""
246,仙客來海鮮庭園餐廳,2019/05/12,4,"""性價比高，口味符合台灣人喜好"""
247,仙客來海鮮庭園餐廳,2019/05/12,4,"""東西不錯吃"""
248,仙客來海鮮庭園餐廳,2019/05/12,5,"""味美價廉"""
249,仙客來海鮮庭園餐廳,2019/05/12,3,"""餐廳好吃  但空間內太吵雜"""
250,仙客來海鮮庭園餐廳,2019/05/12,4,"""可惜現在份量變少、味道變鹹、價格變高了。，以前很常光顧，必點客家小炒、蒜泥白肉、宮保雞丁、鳳梨蝦球、炒川七。，白飯無限量供應，適合聚會。"""
251,仙客來海鮮庭園餐廳,2019/05/12,3,"""熱炒店…有活海鮮和一點兒日式料理…大部份是台菜熱炒…白飯可無限取用，還有自助冰淇淋"""
252,仙客來海鮮庭園餐廳,2019/05/12,5,"""好吃，平價而且不收服務費"""
253,仙客來海鮮庭園餐廳,2019/05/12,4,"""不錯"""
254,仙客來海鮮庭園餐廳,2019/05/12,3,"""一般快炒店，沒有很推"""
255,仙客來海鮮庭園餐廳,2019/05/12,3,"""😁😁😁"""
256,仙客來海鮮庭園餐廳,2019/05/12,4,"""菜色多樣首推宮保雞丁"""
257,仙客來海鮮庭園餐廳,2019/05/12,4,"""份量有點少"""
258,仙客來海鮮庭園餐廳,2019/05/12,3,"""飯，冰淇淋吃到飽"""
259,仙客來海鮮庭園餐廳,2019/05/12,4,""" 上菜的速度很快，也便宜，，"""
260,仙客來海鮮庭園餐廳,2019/05/12,4,"""食物還不錯吃是聚餐的好地點"""
261,仙客來海鮮庭園餐廳,2019/05/12,3,"""停車不方便"""
262,仙客來海鮮庭園餐廳,2019/05/12,4,"""價格不貴  口味佳，喝酒聊天好地方"""
263,仙客來海鮮庭園餐廳,2019/05/12,3,"""消費平價，停車方便，菜色也還不，開店時間從晚餐開始。"""
264,仙客來海鮮庭園餐廳,2019/05/12,4,"""食物好吃 上菜也快，價格不貴"""
265,仙客來海鮮庭園餐廳,2019/05/12,5,"""大推宮保魷魚🦑，好吃！餐廳整體價格合理，值得再次光臨！"""
266,仙客來海鮮庭園餐廳,2019/05/12,4,"""上菜速度快 生意很好 適合跟朋友聚餐"""
267,仙客來海鮮庭園餐廳,2019/05/12,3,"""變貴 量也變少 以前的仙客來回不來了"""
268,仙客來海鮮庭園餐廳,2019/05/12,4,"""口味不錯，空間也蠻大的"""
269,仙客來海鮮庭園餐廳,2019/05/12,4,"""大學生常來的熱炒店，口味不錯，但價格沒有比較實惠。"""
270,仙客來海鮮庭園餐廳,2019/05/12,4,"""空間大位子多 飯和冰淇淋吃到飽"""
271,仙客來海鮮庭園餐廳,2019/05/12,5,"""吃粗飽的好所在.....👍"""
272,仙客來海鮮庭園餐廳,2019/05/12,5,""" 東西很美味，有招牌菜辣雞可以嘗試，，"""
273,仙客來海鮮庭園餐廳,2019/05/12,5,"""北區少數氣氛很讚的戶外熱炒店"""
274,仙客來海鮮庭園餐廳,2019/05/12,4,"""一般家常菜宴客或是家庭小聚，是個很好的選擇，口味上稍微偏油偏鹹，對學生或是高勞動者相當好的聚餐點，價格平實值得推薦"""
275,仙客來海鮮庭園餐廳,2019/05/12,4,"""以前在明德站旁，百元熱炒，口味偏重，三五好友聚一下還可以。"""
276,仙客來海鮮庭園餐廳,2019/05/12,4,"""還不錯吃"""
277,仙客來海鮮庭園餐廳,2019/05/12,5,"""餐點好吃"""
278,仙客來海鮮庭園餐廳,2019/05/12,4,"""菜色豐富好吃，白飯吃到飽，上菜速度快，ㄧ份菜量可以4-5人吃。"""
279,仙客來海鮮庭園餐廳,2019/05/12,2,"""價格變貴了，但品質不但沒有提升，且員工態度也不好，長輩反應蛤仔裡都是沙，卻只是看了一眼就離開，所以不會再去消費了。（生意好，不差一些客人吧！）"""
280,仙客來海鮮庭園餐廳,2019/05/12,5,"""食材新鮮，價格便宜，戶外空間，很不錯的餐廳"""
281,仙客來海鮮庭園餐廳,2019/05/12,5,""" 便宜又好吃，，"""
282,仙客來海鮮庭園餐廳,2019/05/12,4,"""少油少鹽，上菜快"""
283,仙客來海鮮庭園餐廳,2019/05/12,5,"""菜色新鮮又好吃，已回訪多次！！！"""
284,仙客來海鮮庭園餐廳,2019/05/12,4,"""招牌辣椒雞真不錯"""
285,仙客來海鮮庭園餐廳,2019/05/12,3,"""這是一間離陽明大學很近的熱炒餐廳價位中等菜色不錯生意不錯的海鮮餐廳"""
286,仙客來海鮮庭園餐廳,2019/05/12,1,"""菸味彌漫，不適親子，拒絕往來……失望～搞不懂生意為何那麼好？口味是OK，但也沒到很特別，量又少，說是庭園餐廳，很舊又很low，整個蓋遮雨棚，又不禁菸，菸味彌漫，老遠跑去，失望透了…"""
287,仙客來海鮮庭園餐廳,2019/05/12,4,"""(由 Google 提供翻譯) 這是一個很好的商店，你可以吃合理和熱的美味油炸食品。，這是我在訂單表中寫的一種類型並且給它，即使我不理解這個詞，我也可以用漢字（感覺）以某種方式管理它。豬很好吃，尤其是蜻蜓和黑麥。，賴斯是一種自由贖回的自由方式。在日本甚至沒看到那麼多的雪鬆的金槍魚和生魚片等。豐富的品種，很有趣。，這次我把它用於了很多人，但是當來自日本的遊客來的時候，我想再次服用，因為我可以吃簡單的台灣風味的菜餚。啤酒有一個姐姐誰負責，並帶給你越來越多，如長頸鹿和台灣啤酒。 …"""
288,仙客來海鮮庭園餐廳,2019/05/12,5,"""這是海鮮小吃店？物廉價美？是個聚餐聊天好所在。"""
289,仙客來海鮮庭園餐廳,2019/05/12,5,"""讚就是讚。"""
290,仙客來海鮮庭園餐廳,2019/05/12,5,"""好吃實在"""
291,仙客來海鮮庭園餐廳,2019/05/12,3,"""價格平實 上菜速度快"""
292,仙客來海鮮庭園餐廳,2019/05/12,1,"""差別待遇，明明提早訂位卻是戶外的位子，當初都沒講清楚，而且訂5桌只給4桌，態度又很差！"""
293,仙客來海鮮庭園餐廳,2019/05/12,1,"""我認為有差別待遇，以貌取人以為大家都好欺負，態度很差！不會再訪！太生氣了！"""
294,仙客來海鮮庭園餐廳,2019/05/12,1,"""員工態度很差 ，訂位訂五桌 到現場只給四桌 而且還室外的.....，口味菜色還OK 但服務很不優 上菜也不講菜名 還會送錯菜"""
295,仙客來海鮮庭園餐廳,2019/05/12,5,"""服務很親切 也很人性化 菜色料理都很好"""
296,仙客來海鮮庭園餐廳,2019/05/12,4,"""人多時菜上的有點慢，但海鮮新鮮，炒菜好吃"""
297,仙客來海鮮庭園餐廳,2019/05/12,5,"""上菜快速，交通方便，口味不錯"""
298,仙客來海鮮庭園餐廳,2019/05/12,4,""" 美味好料理，，"""
299,仙客來海鮮庭園餐廳,2019/05/12,5,""" 好吃，，"""
300,仙客來海鮮庭園餐廳,2019/05/12,5,""" 好吃好喝，，"""
301,仙客來海鮮庭園餐廳,2019/05/12,3,"""菜色多 出餐快 價格平易"""
302,仙客來海鮮庭園餐廳,2019/05/12,4,"""東西精緻，好吃，環境不錯"""
303,仙客來海鮮庭園餐廳,2019/05/12,3,"""不好停車"""
304,仙客來海鮮庭園餐廳,2019/05/12,5,"""口味，速度，一級棒!"""
305,仙客來海鮮庭園餐廳,2019/05/12,3,"""還可再來"""
306,仙客來海鮮庭園餐廳,2019/05/12,4,"""口味不錯"""
307,仙客來海鮮庭園餐廳,2019/05/12,5,"""菜色豐富，味道也很道地，價格實惠。   推薦！"""
308,仙客來海鮮庭園餐廳,2019/05/12,4,"""餐點不錯，稍微重口味了點"""
309,仙客來海鮮庭園餐廳,2019/05/12,2,"""服務越來越不佳，料理因為認為是下酒菜所以都很鹹，沒喝酒的只能配白飯不然真的很鹹"""
310,仙客來海鮮庭園餐廳,2019/05/12,4,"""菜都很好吃，服務態度還好"""
311,仙客來海鮮庭園餐廳,2019/05/12,4,"""適合家庭or家族的熱炒店"""
312,仙客來海鮮庭園餐廳,2019/05/12,5,"""宮爆雞丁👍🏻"""
313,仙客來海鮮庭園餐廳,2019/05/12,4,"""還不錯"""
314,仙客來海鮮庭園餐廳,2019/05/12,5,"""好吃又平價"""
315,仙客來海鮮庭園餐廳,2019/05/12,4,"""一群人吃下來也不算便宜"""
316,仙客來海鮮庭園餐廳,2019/05/12,5,""" 家人固定聚餐的地方，，"""
317,仙客來海鮮庭園餐廳,2019/05/12,4,""" 吃吧，，"""
318,仙客來海鮮庭園餐廳,2019/05/12,3,"""東西有點少，價格有點高"""
319,仙客來海鮮庭園餐廳,2019/05/12,4,"""家常菜的好去處！新進人員服務經驗較不足！跟以往親切感有些許落差；整體上還是值得推薦"""
320,仙客來海鮮庭園餐廳,2019/05/12,2,""" 只有便宜，，"""
321,仙客來海鮮庭園餐廳,2019/05/12,3,"""菜色還好"""
322,仙客來海鮮庭園餐廳,2019/05/12,5,""" 好吃好喝，，"""
323,仙客來海鮮庭園餐廳,2019/05/12,5,"""出菜、服務品質速度快又好，炒菜又好吃~"""
324,仙客來海鮮庭園餐廳,2019/05/12,4,"""物超所值！熱炒店還可以刷卡喔！"""
325,仙客來海鮮庭園餐廳,2019/05/12,4,"""適合多人聚餐，店也開很晚"""
326,仙客來海鮮庭園餐廳,2019/05/12,5,"""白飯隨你吃，經濟實惠的地方。適合多人熱熱鬧鬧的用餐。"""
327,仙客來海鮮庭園餐廳,2019/05/12,5,"""上菜速度快，菜色及價格也都很合理。白飯、冰淇淋、水果(柳丁)都可無限取用。自從多年前從明德捷運站搬來此後第一次用餐，菜色依舊美味。，，離捷運站步行可達，店內庭園有劃設機車格，方便騎車族可停放。，環境舒適，唯廁所衛生紙及擦手紙不足沒有添滿。，，可在營業時間事先電話訂位。店內阿姨很貼心，臨時幫朋友慶生買蛋糕進來，服務人員還會一起串通到座位點蠟燭，用餐很自在。"""
328,仙客來海鮮庭園餐廳,2019/05/12,1,"""好久沒來了 這次覺得東西很難吃 不會再去了"""
329,仙客來海鮮庭園餐廳,2019/05/12,3,"""菜色不錯"""
330,仙客來海鮮庭園餐廳,2019/05/12,4,"""石牌地區的好餐廳"""
331,仙客來海鮮庭園餐廳,2019/05/12,5,""" 食物好吃，出餐速度算快，，"""
332,仙客來海鮮庭園餐廳,2019/05/12,5,""" 經濟實惠的翻炒。，，"""
333,仙客來海鮮庭園餐廳,2019/05/12,4,""" 聚餐的好地方，，"""
334,仙客來海鮮庭園餐廳,2019/05/12,3,"""東西好吃但座位有點擁擠"""
335,仙客來海鮮庭園餐廳,2019/05/12,5,"""菜色多環境舒適   下班聚會好去處"""
336,仙客來海鮮庭園餐廳,2019/05/12,3,"""正常熱炒店"""
337,仙客來海鮮庭園餐廳,2019/05/12,4,"""cp高，大盤"""
338,仙客來海鮮庭園餐廳,2019/05/12,4,"""戶外裝潢稍改，加了新的天棚，但是似乎換師傅了，口位跟以前變的不太一樣，不過蚵仔酥還是一樣好吃的"""
339,仙客來海鮮庭園餐廳,2019/05/12,4,"""平價好吃的熱炒，可惜旁邊是吸菸區一直有煙味"""
340,仙客來海鮮庭園餐廳,2019/05/12,4,"""味道偏重適合當下酒菜"""
341,仙客來海鮮庭園餐廳,2019/05/12,3,"""在搬家前時就吃過這家餐廳，搬到新位置也再吃過幾次，可能師傅換人，覺得口味表現不是很穩定。幾次剛進門時，領位的人常會在空桌徘徊，不是很確定要把我們帶去哪裡入座，這部分可以再改善，不然客人就會跟著帶位的人走來走去。金沙口味不夠有蛋黃味，炸物的部分點的炸豆腐屬於偏油但不是那種適合下飯配酒。烤物選的是烤小卷還不錯，不會很乾硬。"""
342,仙客來海鮮庭園餐廳,2019/05/12,5,"""菜色多元，價格親民"""
343,仙客來海鮮庭園餐廳,2019/05/12,5,""" 台北市內快炒區過四五家，只喜歡去仙客來，菜非常好吃，價格實惠，豆酥鱈魚，三杯雞，魚下巴，客家小炒，小辣椒炒蛤蜊，都是我們每次必點的菜很贊，，"""
344,仙客來海鮮庭園餐廳,2019/05/12,3,"""熱炒店菜色一般，價格尚能接受，可刷卡。"""
345,仙客來海鮮庭園餐廳,2019/05/12,4,"""高CP值，菜色多樣，飯&冰琪淋自助免費，口味稍重且油，環境普通稍嫌吵雜。"""
346,仙客來海鮮庭園餐廳,2019/05/12,4,"""價格還算實在，東西好吃"""
347,仙客來海鮮庭園餐廳,2019/05/12,5,"""好吃的餐廳"""
348,仙客來海鮮庭園餐廳,2019/05/12,3,"""菜色多味道好，價格公道。"""
349,仙客來海鮮庭園餐廳,2019/05/12,2,"""價格貴又少 不划算"""
350,仙客來海鮮庭園餐廳,2019/05/12,4,"""重新改裝過，終於風大也不會像颱風颳風一樣，而且好吃，就會多扒幾碗飯！"""
351,仙客來海鮮庭園餐廳,2019/05/12,4,"""量多價平不難吃"""
352,仙客來海鮮庭園餐廳,2019/05/12,5,"""味道好，價格又實在 !"""
353,仙客來海鮮庭園餐廳,2019/05/12,3,"""台灣風味熱炒"""
354,仙客來海鮮庭園餐廳,2019/05/12,4,""" 好吃，，"""
355,仙客來海鮮庭園餐廳,2019/05/12,4,"""還不錯"""
356,仙客來海鮮庭園餐廳,2019/05/12,4,"""東西不油， 平價，好吃。"""
357,仙客來海鮮庭園餐廳,2019/05/12,5,"""椒麻雞必點"""
358,仙客來海鮮庭園餐廳,2019/05/12,3,"""東西量偏少，口味還可以，周遭太多人抽菸，是一大缺點，生意很好，上菜速度很快，多人聚餐不錯"""
359,仙客來海鮮庭園餐廳,2019/05/12,3,"""平價，喝酒聊天的地方"""
360,仙客來海鮮庭園餐廳,2019/05/12,5,"""菜好吃 價格平價 苦瓜鳳梨雞好喝 白飯和冰淇淋免費"""
361,仙客來海鮮庭園餐廳,2019/05/12,4,"""朋友聚會喝酒吃宵夜的好去處！菜色豐富好吃，下酒菜多，還有冰淇淋、白飯吃到飽！"""
362,仙客來海鮮庭園餐廳,2019/05/12,4,"""口味不錯"""
363,仙客來海鮮庭園餐廳,2019/05/12,4,"""以前更好，現在吃起來沒有以前的感動"""
364,仙客來海鮮庭園餐廳,2019/05/12,5,"""東西好吃（偏鹹，但很下飯，飯可以無限續吃，自取）     價格不貴，，離捷運站也不遠！，，已經開很久了。，，有分吸菸區跟非吸煙區。"""
365,仙客來海鮮庭園餐廳,2019/05/12,5,"""價格公開服務親切"""
366,仙客來海鮮庭園餐廳,2019/05/12,5,"""聚餐的好地方.  離石牌捷運站約10分鐘路程"""
367,仙客來海鮮庭園餐廳,2019/05/12,5,""" 味道好！，，"""
368,仙客來海鮮庭園餐廳,2019/05/12,4,""" 很好吃，但是偏重口味喔，，"""
369,仙客來海鮮庭園餐廳,2019/05/12,5,"""經濟實惠，可以帶狗"""
370,仙客來海鮮庭園餐廳,2019/05/12,5,"""生意很好 上菜速度快 家族旅遊聚餐時 小孩很多 服務也是很好"""
371,仙客來海鮮庭園餐廳,2019/05/12,2,"""熱炒本來就屬於重口味的餐點，味道還可以，並沒有太鹹的問題，，服務態度不好，不吃這家也不會有損失，台灣還是有很多好吃的熱炒，，服務態度不好，上湯的時候，直接撥開我正在夾菜的手，不能出聲提醒嗎？ 不是很喜歡這樣的行為，，請他們打包湯帶走，抱怨湯是燙的，湯上桌後，我們也把火轉小，沒多久就關火了，，傻眼！難不成湯會是全冷的？，，很失望！，從小就常吃，現在沒有那麼好吃"""
372,仙客來海鮮庭園餐廳,2019/05/12,4,"""從小吃到大"""
373,仙客來海鮮庭園餐廳,2019/05/12,5,"""整體味道不錯，會讓人一口接一口"""
374,仙客來海鮮庭園餐廳,2019/05/12,3,""" 便宜聚餐，，"""
375,仙客來海鮮庭園餐廳,2019/05/12,3,""" 普普，，"""
376,仙客來海鮮庭園餐廳,2019/05/12,5,"""仙客來餐廳是我十幾年來親朋好友聚餐首選"""
377,仙客來海鮮庭園餐廳,2019/05/12,3,""" 北投深夜聊天好地方，，"""
378,仙客來海鮮庭園餐廳,2019/05/12,4,"""來過兩次味道有到位.."""
379,仙客來海鮮庭園餐廳,2019/05/12,5,""" 吃，，"""
380,仙客來海鮮庭園餐廳,2019/05/12,4,"""好吃又便宜，點了宮保雞丁、炒蛤蜊、滑蛋蝦仁、蚵仔湯、鹹蛋苦瓜、炒牛肉，兩人吃飽飽，菜飯錢才1千。"""
381,仙客來海鮮庭園餐廳,2019/05/12,4,"""聚餐好去處~~出菜速度像高鐵！！"""
382,仙客來海鮮庭園餐廳,2019/05/12,5,"""白飯吃到飽很爽，菜很下飯"""
383,仙客來海鮮庭園餐廳,2019/05/12,4,"""下班聚會小搞搞的好地方，熱炒、活海鮮都不錯：）"""
384,仙客來海鮮庭園餐廳,2019/05/12,5,"""東西好吃。價格合理。點了10盤，才1500元，4個人吃都說太飽太撐了，下次要不貪心點太多盤。👍"""
385,仙客來海鮮庭園餐廳,2019/05/12,5,"""服務親切，菜色不死鹹也不會太油"""
386,仙客來海鮮庭園餐廳,2019/05/12,4,"""推蚵仔酥，有點鹹但配飯剛好"""
387,仙客來海鮮庭園餐廳,2019/05/12,2,"""只有辣椒雞可推薦~~~"""
388,仙客來海鮮庭園餐廳,2019/05/12,3,""" 泡菜牛好吃 ^^ 其他菜色mediocre，，"""
389,仙客來海鮮庭園餐廳,2019/05/12,5,"""價格實惠"""
390,仙客來海鮮庭園餐廳,2019/05/12,5,"""推黃金豆腐"""
391,仙客來海鮮庭園餐廳,2019/05/12,4,""" 快速服務，，"""
392,仙客來海鮮庭園餐廳,2019/05/12,3,""" 一般，，"""
393,仙客來海鮮庭園餐廳,2019/05/12,3,"""很吵的一個地方"""
394,仙客來海鮮庭園餐廳,2019/05/12,3,"""停車不方便，適合4人以上聚會，2人較沒合適位置，且費用分攤較不划算。"""
395,仙客來海鮮庭園餐廳,2019/05/12,1,"""食材沒有很新鮮，冷菜加熱鐵板類出菜變冷盤待加強。"""
396,仙客來海鮮庭園餐廳,2019/05/12,3,"""不錯吃"""
397,仙客來海鮮庭園餐廳,2019/05/12,3,"""以百元熱炒，量偏少，價格中間"""
398,仙客來海鮮庭園餐廳,2019/05/12,5,"""阿姨好聊天東西好吃"""
399,仙客來海鮮庭園餐廳,2019/05/12,5,""" 好吃，，"""
400,仙客來海鮮庭園餐廳,2019/05/12,5,"""好吃, 食物新鮮"""
401,仙客來海鮮庭園餐廳,2019/05/12,4,"""老板又跑去開便當店了XD"""
402,仙客來海鮮庭園餐廳,2019/05/12,4,"""三伍好友最佳的去處"""
403,仙客來海鮮庭園餐廳,2019/05/12,5,"""老店。口味不錯。親友聚餐非常適合"""
404,仙客來海鮮庭園餐廳,2019/05/12,5,"""好吃的料理，好吃的辣味機，好喝的生力啤酒"""
405,仙客來海鮮庭園餐廳,2019/05/12,3,"""還不錯吃"""
406,仙客來海鮮庭園餐廳,2019/05/12,3,"""感覺味精加很重。，價格以台北來說是很平價"""
407,仙客來海鮮庭園餐廳,2019/05/12,2,""" 味道普通，，"""
408,仙客來海鮮庭園餐廳,2019/05/12,5,"""好吃，菜色豐富，建議先訂位"""
409,仙客來海鮮庭園餐廳,2019/05/12,5,"""服務態度親切 價格實在 菜色多樣又好吃"""
410,仙客來海鮮庭園餐廳,2019/06/12,4,""" 好吃，聚餐好所在，，"""
411,仙客來海鮮庭園餐廳,2019/06/12,5,""" 便宜又好吃，，"""
412,仙客來海鮮庭園餐廳,2019/06/12,3,"""還行"""
413,仙客來海鮮庭園餐廳,2019/06/12,4,""" 好吃，上菜快，，"""
414,仙客來海鮮庭園餐廳,2019/06/12,4,"""沒有吃過地雷是個聚餐的好地方"""
415,仙客來海鮮庭園餐廳,2019/06/12,3,"""還行"""
416,仙客來海鮮庭園餐廳,2019/06/12,5,""" 好吃，，"""
417,仙客來海鮮庭園餐廳,2019/06/12,3,""" 宵夜，，"""
418,仙客來海鮮庭園餐廳,2019/06/12,4,""" 美味的食物，好地方，環境宜人，，"""
419,仙客來海鮮庭園餐廳,2019/06/12,3,""" 總體來說，味道還不錯……更多是重口味。放鬆和與朋友聚會的好地方...，，"""
420,仙客來海鮮庭園餐廳,2019/06/12,4,""" 很好吃，幾乎沒有損失。有點貴嗎？，，"""
421,仙客來海鮮庭園餐廳,2019/06/12,1,"""蚊子飛蟲非常多  要午休關店時工作人員全都走光 不過還有3桌客人正在用餐  想打包也找不到工作人員 只好自己找袋子自己打理"""
422,仙客來海鮮庭園餐廳,2019/06/12,3,""" 高CP值，，"""
423,仙客來海鮮庭園餐廳,2019/06/12,2,"""環境不太舒服乾淨"""
424,仙客來海鮮庭園餐廳,2019/06/12,2,"""出菜很慢，服務態度........"""
425,仙客來海鮮庭園餐廳,2019/06/12,5,""" 超讃，，"""
426,仙客來海鮮庭園餐廳,2019/06/12,3,"""還可以，就是有點熱"""
427,仙客來海鮮庭園餐廳,2019/06/12,4,"""菜色豐富 料好實在 好吃適合多人聚餐"""
428,仙客來海鮮庭園餐廳,2019/06/12,5,"""復古的用餐環境，海鮮很新鮮，出菜速度很快，白飯、冰淇淋免費享用，常常客滿，要提早來用餐，cp值高，推～👍"""
429,仙客來海鮮庭園餐廳,2019/06/12,4,"""菜色多，也不貴，假日生意超好，但離捷運站有一小段路，要走路一下下"""
430,仙客來海鮮庭園餐廳,2019/06/12,5,""" 好吃又便宜，，"""
431,仙客來海鮮庭園餐廳,2019/06/12,4,""" 假日人多，，"""
432,仙客來海鮮庭園餐廳,2019/06/12,3,"""價格平實 菜色新鮮 口味不錯 白飯無限量供應。"""
433,仙客來海鮮庭園餐廳,2019/07/12,4,"""正餐時段想鄰近停車較不便，後方有學校收費停車場步行約5分鐘，捷運石牌或其哩岸步行也差不多5~10分鐘，其價位、菜色與內部環境在北投地區讓我滿意。"""
434,仙客來海鮮庭園餐廳,2019/07/12,4,"""料理CP值很不錯，離捷運站也很近，多人(6人以上)聚餐很適合來這裡。"""
435,仙客來海鮮庭園餐廳,2019/07/12,4,""" 便利的好地方，，"""
436,仙客來海鮮庭園餐廳,2019/07/12,3,"""菜色很多 快炒100元 還不錯啦"""
437,仙客來海鮮庭園餐廳,2019/07/12,4,"""服務真誠"""
438,仙客來海鮮庭園餐廳,2019/07/12,5,"""價格公道又美味"""
439,仙客來海鮮庭園餐廳,2019/07/12,5,"""東西好吃，價格合理，是會讓人願意再訪的熱炒餐廳"""
440,仙客來海鮮庭園餐廳,2019/07/12,5,"""味道很棒，上菜迅速，環境舒服"""
441,仙客來海鮮庭園餐廳,2019/07/12,5,"""師傅手藝很好，東西新鮮，聚餐喝酒的好地方"""
442,仙客來海鮮庭園餐廳,2019/07/12,5,"""菜色種類多，份量足夠，口味好吃"""
443,仙客來海鮮庭園餐廳,2019/07/12,4,"""還可以"""
444,仙客來海鮮庭園餐廳,2019/07/12,4,""" 很好的選擇，包括飲料和啤酒，美味佳餚，但並沒有所有的經典之作。服務很友好，而且速度很快。，，"""
445,仙客來海鮮庭園餐廳,2019/07/12,4,"""朋友說這裏好吃，可惜當天漏了一樣菜，然後等超久的。有些失望捏！"""
446,仙客來海鮮庭園餐廳,2019/07/12,4,"""門口旁有幾個機車停車位。，份量不多，但食物好吃。"""
447,仙客來海鮮庭園餐廳,2019/07/12,5,"""熱鬧人多，適合聚餐小酌"""
448,仙客來海鮮庭園餐廳,2019/07/12,5,"""東西還不錯吃，人超級多的啦"""
449,仙客來海鮮庭園餐廳,2019/07/12,2,"""每道食物偏鹹，但很適合小酌聚餐聊天。"""
450,仙客來海鮮庭園餐廳,2019/07/12,4,"""增加外區冷氣空調，夏天用餐就多選擇，"""
451,仙客來海鮮庭園餐廳,2019/07/12,4,"""適合小酌的地方，味道屬於比較重口味，很下飯喔"""
452,仙客來海鮮庭園餐廳,2019/07/12,5,""" 便宜好吃，，"""
453,仙客來海鮮庭園餐廳,2019/07/12,5,"""跟夥伴聚餐的好去處，東西好吃不馬虎，覺得是附近熱炒中最好吃的！"""
454,仙客來海鮮庭園餐廳,2019/07/12,3,""" 菜色多元，，"""
455,仙客來海鮮庭園餐廳,2019/07/12,4,"""菜色豐富。口味佳。"""
456,仙客來海鮮庭園餐廳,2019/08/12,4,"""熱炒新鮮好食 土鷄料理白切或入湯都好吃"""
457,仙客來海鮮庭園餐廳,2019/08/12,4,"""宮保雞丁&蔥爆牛肉&炒麵&酥炸鮮蚵"""
458,仙客來海鮮庭園餐廳,2019/08/12,2,"""難吃，沒別的了"""
459,仙客來海鮮庭園餐廳,2019/08/12,5,"""讚。好吃"""
460,仙客來海鮮庭園餐廳,2019/08/12,5,"""平價好吃"""
461,仙客來海鮮庭園餐廳,2019/08/12,2,"""說真的，不怎麼樣"""
462,仙客來海鮮庭園餐廳,2019/08/12,2,"""料理有點越來越不好吃👎！，以前味道還不錯。，最近去吃～～～有點點點不舒服！"""
463,仙客來海鮮庭園餐廳,2019/08/12,5,""" 菜餚精心製作，沒有兩種口味相同的菜餚。這個地方有一些粵菜和點心項目，正好及時治愈我們的渴望。，，我們在中午前到達，這個地方在30分鐘內填滿了上層。不用說建議預訂大型派對。，，"""
464,仙客來海鮮庭園餐廳,2019/08/12,5,"""營業時間到兩點  是個很好在晚上多人聚餐的去處 熱炒價格標準  環境皆有冷氣  白飯冰淇淋內用都可自取"""
465,仙客來海鮮庭園餐廳,2019/08/12,2,"""菜量偏少，沒有想像中的好吃"""
466,仙客來海鮮庭園餐廳,2019/08/12,5,"""場地大，有分吸煙區！"""
467,仙客來海鮮庭園餐廳,2019/08/12,4,"""有戶外吸煙區座位，炒菜有水準"""
468,仙客來海鮮庭園餐廳,2019/08/12,4,""" 吃吧!!，，"""
469,仙客來海鮮庭園餐廳,2019/08/12,4,"""便宜，不錯吃"""
470,仙客來海鮮庭園餐廳,2019/08/12,3,""" 很吵的地方，，"""
471,仙客來海鮮庭園餐廳,2019/08/12,4,"""氣氛自在，菜餚美味下飯。"""
472,仙客來海鮮庭園餐廳,2019/08/12,5,"""很神奇的熱炒店，人潮跟著店家移。"""
473,仙客來海鮮庭園餐廳,2019/08/12,1,"""1.服務生端魚類上桌時把一大堆汁打翻在桌上、還有我的衣服上，就體諒服務生不知道我的衣服也被弄髒好了(不計較😠)，但她卻罵說不要把手機放在桌上((態度極差))，連一聲道歉都沒有(雖然趕緊遞上衛生紙  但馬上走人)，我朋友的手機被醬油汁被淋的油膩膩 😡，，2.服務生將我們點的脆皮大腸送上來時，想用大腸的盤子推魚(就是有墊高的爐子)，結果大腸直接被推到爐子下面，後來抽出來🙄️，上菜怎麼可以這麼隨便🙄️🙄️🙄️，，就是在說妳！馬尾綁的特別高的阿姨！"""
474,仙客來海鮮庭園餐廳,2019/08/12,5,"""出菜快，飯不用錢。"""
475,仙客來海鮮庭園餐廳,2019/09/12,4,"""很熱炒店"""
476,仙客來海鮮庭園餐廳,2019/09/12,4,"""旁邊有機車停車位，位置蠻大的，價位ok"""
477,仙客來海鮮庭園餐廳,2019/09/12,5,""" 好聚，，"""
478,仙客來海鮮庭園餐廳,2019/09/12,4,"""餐點口味不錯，價錢也算合理，而且還有冰淇淋免費吃，讚！"""
479,仙客來海鮮庭園餐廳,2019/09/12,3,"""地點在捷運站附近"""
480,仙客來海鮮庭園餐廳,2019/09/12,3,"""還可以，不過生意很好。😱"""
481,仙客來海鮮庭園餐廳,2019/09/12,1,"""還好"""
482,仙客來海鮮庭園餐廳,2019/09/12,3,"""炸的不錯，蝦仁滑蛋跟龍珠反而不好吃，青菜熱炒類普普，價格份量是正常台北價格，定位服務人員有點…所以給三顆。"""
483,仙客來海鮮庭園餐廳,2019/09/12,1,"""提醒大家，如有喝酒，請記得找清醒的人結帳～"""
484,仙客來海鮮庭園餐廳,2019/09/12,5,"""好吃，適合跟一群朋友一起來"""
485,仙客來海鮮庭園餐廳,2019/09/12,3,"""菜量適中，可刷卡不加服務費，cp值不錯，不過中午去吃，冷氣開不強，吃的好熱!!"""
486,仙客來海鮮庭園餐廳,2019/09/12,4,""" 聚餐好地方，，"""
487,仙客來海鮮庭園餐廳,2019/09/12,3,"""價格划算，口味還不錯，屬於CP值不錯的餐廳"""
488,仙客來海鮮庭園餐廳,2019/09/12,4,""" 好吃@_@，，"""
489,仙客來海鮮庭園餐廳,2019/09/12,5,"""送餐快，服務優，用餐環境讚"""
490,仙客來海鮮庭園餐廳,2019/09/12,4,"""物美價廉，飯.冰淇淋免費吃，讚！"""
491,仙客來海鮮庭園餐廳,2019/09/12,4,"""上菜速度快 點了十幾道菜 不到2500"""
492,仙客來海鮮庭園餐廳,2019/09/12,5,"""好吃，上菜速度快，品項多"""
493,仙客來海鮮庭園餐廳,2019/09/12,3,""" CP值不高，，"""
494,仙客來海鮮庭園餐廳,2019/10/12,5,"""挺好吃的熱炒店，炸豆腐必點"""
495,仙客來海鮮庭園餐廳,2019/10/12,5,"""熱炒店"""
496,仙客來海鮮庭園餐廳,2019/10/12,4,"""快炒餐廳，菜色還算不錯，鳳梨蝦球、糖醋排骨、蚵仔酥、蒜泥白肉、三杯雞都還不錯，可惜買單後才發現有供應冰淇淋。"""
497,仙客來海鮮庭園餐廳,2019/10/12,1,"""東西難吃 服務態度差 店員東西都點不好的還一直滑手機 極度不推"""
498,仙客來海鮮庭園餐廳,2019/10/12,5,""" 都很好吃，不相信可以吃吃看，，"""
499,仙客來海鮮庭園餐廳,2019/10/12,3,"""菜色還好但服務很熱誠"""
500,仙客來海鮮庭園餐廳,2019/10/12,5,""" 在地好吃。，，"""
501,仙客來海鮮庭園餐廳,2019/10/12,5,"""不錯餐廳， 服務好，出菜快，非常適合聚餐地點"""
502,仙客來海鮮庭園餐廳,2019/10/12,4,"""物美價廉，上菜速度不是蓋的"""
503,仙客來海鮮庭園餐廳,2019/10/12,4,"""餐點還可以 人很多"""
504,仙客來海鮮庭園餐廳,2019/10/12,5,"""好吃 香魚好吃"""
505,仙客來海鮮庭園餐廳,2019/10/12,4,"""晚餐好去處"""
506,仙客來海鮮庭園餐廳,2019/10/12,5,"""👈🏻 歡迎追蹤 🙌🏻 #碎念人妻 ✨✨﻿，IG、FB搜尋🔍murmurtaitai﻿，- ﻿，﻿，這間店一直以來都生意超好﻿，尤其是假日更是絡繹不絕﻿，有時候我們家人聚餐也會來這﻿，﻿，之前最心繫的是宮保雞丁﻿，吃了很多家熱炒店﻿，覺得沒有一家比他們的好吃﻿，﻿，雞肉酥脆不柴口感適中﻿，配上香脆花生﻿，很容易一口接著一口﻿，﻿，鐵板豆腐﻿，充滿奶油香氣﻿，撒上滿滿黑胡椒粒﻿，在鐵板噗滋噗滋的﻿，光是視覺上﻿，就是一大享受呀﻿，﻿，而炒麵﻿，雖然較為平凡﻿，沒有熱炒店的鍋香氣﻿，但仍然非常順口﻿，一下子就不小心吃了好幾碗﻿，，櫃台旁，還有提供免費的冰淇淋吃到飽，有機會一定要來吃吃看這間噢"""
507,仙客來海鮮庭園餐廳,2019/10/12,4,"""菜色味美，可惜出菜慢了點"""
508,仙客來海鮮庭園餐廳,2019/10/12,4,"""東西不錯吃，出菜速度也快，還不錯"""
509,仙客來海鮮庭園餐廳,2019/10/12,5,"""東西不錯吃，上菜速度快"""
510,仙客來海鮮庭園餐廳,2019/10/12,4,"""輕鬆聊天聚餐的好地方"""
511,仙客來海鮮庭園餐廳,2019/10/12,3,"""東西好吃"""
512,仙客來海鮮庭園餐廳,2019/10/12,4,"""經濟實惠，菜品好吃"""
513,仙客來海鮮庭園餐廳,2019/10/12,5,""" 物有所值！，，"""
514,仙客來海鮮庭園餐廳,2019/11/12,4,"""東西好吃，用餐環境還可以，有冰淇淋和白飯吃到飽"""
515,仙客來海鮮庭園餐廳,2019/11/12,3,"""有點吵"""
516,仙客來海鮮庭園餐廳,2019/11/12,5,"""平價"""
517,仙客來海鮮庭園餐廳,2019/11/12,4,"""營業時間長, 方便就食~"""
518,仙客來海鮮庭園餐廳,2019/11/12,4,"""多人聚餐吃熱炒的好場所"""
519,仙客來海鮮庭園餐廳,2019/11/12,3,"""附近非常難停車，建議停石牌捷運站旁停車場再步行約10分鐘；口味偏重，沒有特別驚豔的菜色，客家小炒及青蔬蝦仁不錯，免費客惟您冰淇淋吃到飽大加分！"""
520,仙客來海鮮庭園餐廳,2019/11/12,3,"""餐廳離石牌捷運不遠，開車的人可以選擇石牌捷運站停車場再走過來。餐廳裡面有分方桌區與大圓桌區，人多聚餐時不妨考慮圓桌區比較合適。菜色多樣，我們點了小朋友喜歡吃的炒麵，三杯雞、清炒高麗菜、西蘭花蝦仁、客家小炒、脆皮大腸、鹹蛋苦瓜，白飯以及冰淇淋可以自由取用。口味上來說，炒麵以及客家小炒表現比較出色，炒麵的配料不多，表現得中規中矩，還算可以，客家小炒的豆乾很好吃，青菜類感覺鍋氣不夠沒有辦法把菜的美味提升出來，三杯雞的雞肉偏瘦，肉質本身算嫩，不過口感上比較油膩，清炒西蘭花蝦仁裡的蝦仁 …"""
521,仙客來海鮮庭園餐廳,2019/11/12,4,""" 醉屎了！，，"""
522,仙客來海鮮庭園餐廳,2019/11/12,5,"""常光顧之處 適合家庭 公司聚餐 經濟實惠 環境優 菜單多選擇出餐快 白飯及冰淇淋吃到飽 很棒"""
523,仙客來海鮮庭園餐廳,2019/11/12,5,"""餐點很好吃"""
524,仙客來海鮮庭園餐廳,2019/11/12,4,"""聚會的好所在"""
525,仙客來海鮮庭園餐廳,2019/11/12,5,""" 好吃！，，"""
526,仙客來海鮮庭園餐廳,2019/11/12,4,"""價格親民，口味佳，是聚餐的好選項！，如果有想點 ❴薑絲牛肉❵ 這道菜的人，請務必三思！因為它是由 ❴薑絲大腸❵ 衍伸出的，整個滋味酸到不行，絕對超乎你的想像……，不過，鮮客來用的肉品都非常正常，絕對不會有組合肉的疑慮，而且也都不會泡嫩精，是少數極讓我們安心的餐廳👍"""
527,仙客來海鮮庭園餐廳,2019/11/12,3,"""2018/8/3@阿豪+小黑人+桌哥(小胖去部門聚餐)，久久不見的飯局，來這邊聚餐～總共吃了$1260還OK～(蛤仔湯、蔥蛋、高麗菜、空心菜、蒜泥白肉、韓式燒肉、月亮蝦餅、炒飯)，2019/10/19，小黑人母湯哦～這麼高調小心過不了三個月試用期哦～"""
528,仙客來海鮮庭園餐廳,2019/11/12,4,""" 尚可，，"""
529,仙客來海鮮庭園餐廳,2019/11/12,3,"""味道普通，不太好停車"""
530,仙客來海鮮庭園餐廳,2019/11/12,4,""" 喝小酒的好地方，，"""
531,仙客來海鮮庭園餐廳,2019/11/12,4,"""聞到瓦斯味跟垃圾酸臭味"""
532,仙客來海鮮庭園餐廳,2019/11/12,4,"""菜色多,價位親民"""
533,仙客來海鮮庭園餐廳,2019/11/12,5,"""餐餐不會覺得少，很值得常吃。"""
534,仙客來海鮮庭園餐廳,2019/12/12,3,"""Cp 值高的菜都拿掉了，手藝也不如以前，不知道有沒有換師傅"""
535,仙客來海鮮庭園餐廳,2019/12/12,4,"""好吃的熱炒。cp值高"""
536,仙客來海鮮庭園餐廳,2019/12/12,1,"""客人擋路"""
537,仙客來海鮮庭園餐廳,2019/12/12,3,"""菜量變少"""
538,仙客來海鮮庭園餐廳,2019/12/12,2,"""每樣菜都加辣椒，對於不吃辣的人感覺有點不好，菜單上也沒有先註明😔"""
539,仙客來海鮮庭園餐廳,2019/12/12,4,"""我是中午去吃，出菜速度蠻快的，生魚片也超厚的，店家旁邊還有自己的機車停車場蠻方便的"""
540,仙客來海鮮庭園餐廳,2019/12/12,4,"""CP值高，東西好吃，氣氛輕鬆隨意"""
541,仙客來海鮮庭園餐廳,2019/12/12,5,"""石牌仙客來👍喔~場地寬敞。服務人員親切。廚師✋藝精。小家庭聚餐。👌友談♥。位在陽明大學附近。遠地來的住宿學生。陽明大學。健康護理學校學生。被在地響導發現常常來這解鄉愁。一人叫一道菜。美食共享。提供白飯水果吃到飽。家庭聚會六個人。二千元預算就粉澎湃。也可以辦桌。或是尾牙聚餐。同事聚會。可以預算和老板商量菜色喔~超級無敵囍歡三杯🐔。豆鼓珂，鐵板豆腐。炸蝦。鹹水蝦。客家小炒。生啤🍻👌喝喔~新鮮生🐠片。青蒸鮮 🐠，炒三蘇。炒高麗菜。大火炒就是👌吃喔~♥動不如行動喔~介紹一👇自己都快流口水喔~"""
542,仙客來海鮮庭園餐廳,2019/12/12,4,"""好吃，但份量變少了！"""
543,仙客來海鮮庭園餐廳,2019/12/12,4,"""價位適中，口味尚可"""
544,仙客來海鮮庭園餐廳,2019/12/12,5,"""分量足，味道很好，只是停車有點忐忑"""
545,仙客來海鮮庭園餐廳,2019/12/12,4,"""仙客來還是這區吃熱炒首選之一，一百多至兩百的價位在菜色的選擇及份量上還是比較多樣實在。啤酒仍然是維持一貫的促銷價，酒促小姐過來推銷時給人家捧場幾瓶，吃熱炒大家開心就好。記得不要開車，附近很難找車位。"""
546,仙客來海鮮庭園餐廳,2019/12/12,3,""" 上菜速度很快，，"""
547,仙客來海鮮庭園餐廳,2019/12/12,2,"""價錢變貴，菜量也減少，服務則良好。"""
548,仙客來海鮮庭園餐廳,2019/12/12,2,""" 喝酒聊天好地方，菜色口味普普，，份量不多。，，"""
549,仙客來海鮮庭園餐廳,2019/12/12,5,"""聚餐首選"""
550,仙客來海鮮庭園餐廳,2019/12/12,3,"""1、不好停車，可停陽明大學，2、還是一樣物美價廉，3、上菜速度快，聚餐首選，4、108.12.6聚餐補照片"""
551,仙客來海鮮庭園餐廳,2019/12/12,3,"""服務比較一般，菜0K價格也0K，但不建議點G肉，"""
552,仙客來海鮮庭園餐廳,2019/12/12,4,""" C/P值高，，"""
553,仙客來海鮮庭園餐廳,2019/12/12,1,"""沒以前好吃又便宜了"""
554,仙客來海鮮庭園餐廳,2020/01/12,5,""" 食物很好。價格合適。，，"""
555,仙客來海鮮庭園餐廳,2020/01/12,5,"""上菜速度快，食材新鮮，價錢算合理"""
556,仙客來海鮮庭園餐廳,2020/01/12,5,""" 小酌的好所在，，"""
557,仙客來海鮮庭園餐廳,2020/01/12,5,"""👍🏻"""
558,仙客來海鮮庭園餐廳,2020/01/12,1,"""多年前來吃過之後，常常介紹朋友來；最近這次來整個菜色都變得不好吃了，份量變少、價錢又變高、海鮮也不新鮮，四個人點十道菜竟然半小時就吃完，根本吃不飽，以後不會再來了，只有芭樂汁跟柳橙汁最好喝"""
559,仙客來海鮮庭園餐廳,2020/01/12,4,""" 好吃，，"""
560,仙客來海鮮庭園餐廳,2020/01/12,4,"""好吃😋捷運站步行5-10分鐘"""
561,仙客來海鮮庭園餐廳,2020/01/12,5,""" 好吃又便宜，，"""
562,仙客來海鮮庭園餐廳,2020/01/12,4,"""CP值不錯的熱炒店，上菜迅速，芋頭米粉湯好吃😋"""
563,仙客來海鮮庭園餐廳,2020/01/12,5,"""價格實在，好吃"""
564,仙客來海鮮庭園餐廳,2020/01/12,4,"""料理好吃平價"""
565,仙客來海鮮庭園餐廳,2020/01/12,5,"""環境不會過於吵雜或雜亂，出餐速度快，味道夠不死鹹，白飯冰淇淋免費取用"""
566,仙客來海鮮庭園餐廳,2020/01/12,4,""" 在日本，它看起來像Isomaru Suisan。，它在一家大型商店裡很熱鬧。，我問了3個大人和2個孩子的酒精和汽水，價格不到2000元，所以我覺得它很便宜。，我不知道日語能傳達多遠，因為我被帶走了。，，"""
567,仙客來海鮮庭園餐廳,2020/01/12,5,"""漲價了但還是蠻好吃的"""
568,仙客來海鮮庭園餐廳,2020/01/12,2,""" 味道很普通，份量很少，，"""
569,仙客來海鮮庭園餐廳,2020/01/12,4,"""平價，食材好算不錯"""
570,仙客來海鮮庭園餐廳,2020/01/12,4,"""好久没吃正統啤酒屋餐厅了；三杯雞肉質佳、蛤仔大顆炒的肥美新鲜、魚湯也鲜；塲地夠大适合來聚餐耶～"""
571,仙客來海鮮庭園餐廳,2020/01/12,4,""" CP值高。，，"""
572,仙客來海鮮庭園餐廳,2020/02/12,5,"""聚餐的好地方，環境氣氛都很好，會讓你多喝一杯。"""
573,仙客來海鮮庭園餐廳,2020/02/12,5,""" 炒皮蛋不在這個世界上，，"""
574,仙客來海鮮庭園餐廳,2020/02/12,3,"""覺得味道還好，不知道為何華碩的人很愛來？"""
575,仙客來海鮮庭園餐廳,2020/02/12,4,"""現炒菜色多樣化，尚稱可口，價格合理，氣氛合宜，35好友把酒言歡是一個很不錯的場地。"""
576,仙客來海鮮庭園餐廳,2020/02/12,4,"""東西好吃，價格實惠。但真的很吵"""
577,仙客來海鮮庭園餐廳,2020/02/12,4,"""熱炒還不錯"""
578,仙客來海鮮庭園餐廳,2020/02/12,5,"""平價好吃,內用白飯和冰淇淋免費,點熱湯都還用小瓦斯爐熱著,在飄著雨冷冷的冬天喝到暖暖的湯很幸福! 鐵板豆腐,炒水蓮,橙汁排骨都很好吃又下飯,可連吃兩三碗飯呢!"""
579,仙客來海鮮庭園餐廳,2020/02/12,4,"""菜色很棒，服務員很客氣"""
580,仙客來海鮮庭園餐廳,2020/02/12,2,"""現場桌椅規劃凌亂菜色擺設好無章法，粗糙，場地適合愛熱鬧的人，喜歡幽靜的人不適合"""
581,仙客來海鮮庭園餐廳,2020/02/12,5,""" 便宜又好吃，出菜速度快，，"""
582,仙客來海鮮庭園餐廳,2020/02/12,3,"""晚上00：00以後，能找吃的地方不多，這裏的價格還可以，味道則一般快炒的味道都有"""
583,仙客來海鮮庭園餐廳,2020/02/12,5,""" 好吃。，，"""
584,仙客來海鮮庭園餐廳,2020/02/12,4,"""CP值高，東西很好吃，服務有人情味，無論平假日生意都很好，一般日子20:00以前不用事先訂位"""
585,仙客來海鮮庭園餐廳,2020/02/12,4,"""貴貴的熱炒店"""
586,仙客來海鮮庭園餐廳,2020/02/12,5,"""價錢便宜實在"""
587,仙客來海鮮庭園餐廳,2020/02/12,3,"""不少學生聚餐的場所，味道價格尚可，比大發好吃，白飯無限供應"""
588,仙客來海鮮庭園餐廳,2020/02/12,5,"""東西好吃 樣式多，白飯可以吃到飽"""
589,仙客來海鮮庭園餐廳,2020/02/12,3,"""生意好，吃熱炒就是這樣，太吵鬧了，覺得比以前稍遜些，但還可以吃。"""
590,仙客來海鮮庭園餐廳,2020/02/12,4,"""交通方便,東西也好吃，適合在這邊跟朋友或家人聚餐的。"""
591,仙客來海鮮庭園餐廳,2020/02/12,2,"""幾年前還很好吃，最近品質越來越普通，可能換廚師了"""
592,仙客來海鮮庭園餐廳,2020/02/12,5,"""便宜好吃，車位要花時間找一下，只論餐廳本身很棒"""
593,仙客來海鮮庭園餐廳,2020/02/12,5,""" 老闆娘人很好，，"""
594,仙客來海鮮庭園餐廳,2020/03/12,4,"""空間寬廣，價格適中，魚湯不錯"""
595,仙客來海鮮庭園餐廳,2020/03/12,4,"""菜餚多樣化、口感到味、平價供應、開放式空間空氣流通、白飯+冰淇淋無限食用。"""
596,仙客來海鮮庭園餐廳,2020/03/12,1,"""上菜速度很慢，店員態度不好，不推！！！"""
597,仙客來海鮮庭園餐廳,2020/03/12,3,"""服務態度不錯，但沒有以前好好吃了⋯"""
598,仙客來海鮮庭園餐廳,2020/03/12,3,"""是家中附近用餐的口袋餐廳。，上週晚餐再次到店用餐，，餐廳入口有特設一服務員，，讓客人噴酒精消毒後入場用餐，，服務仍是親切，感覺很好。，但上菜後發現每道菜，菜量明顯變少20%，，希望可以注意改進。"""
599,仙客來海鮮庭園餐廳,2020/03/12,4,"""出餐速度挺快的，餐點也很美味，缺點是店內蚊子好多，還得要邊趕蚊子邊吃東西●︿●"""
600,仙客來海鮮庭園餐廳,2020/03/12,3,"""捷運站附近，餐點不錯價格公道。"""
601,仙客來海鮮庭園餐廳,2020/03/12,5,"""平價又美味"""
602,仙客來海鮮庭園餐廳,2020/03/12,5,"""離捷運站近，東西好吃，適合團體聚餐"""
603,仙客來海鮮庭園餐廳,2020/03/12,4,"""菜色多樣，便宜好吃，出餐算是快"""
604,仙客來海鮮庭園餐廳,2020/03/12,3,"""聚餐好地點，場地寬廣，菜也好吃，距離捷運站很近。"""
605,仙客來海鮮庭園餐廳,2020/03/12,4,"""食物還是不錯，但位置超擠，不舒服"""
606,仙客來海鮮庭園餐廳,2020/03/12,5,"""送餐快速，道道美味，快樂聚餐，滿意而歸!"""
607,仙客來海鮮庭園餐廳,2020/04/12,5,"""超級好吃😋 住北部12年，就這家熱炒好吃，每道菜都沒有地雷，實在很喜歡😘 會一直一直想再去的餐廳🍴"""
608,仙客來海鮮庭園餐廳,2020/04/12,1,"""地點很好離捷運站近，宮保雞丁好吃，不過服務人員態度不佳，回話跟臉色都讓人不舒服"""
609,仙客來海鮮庭園餐廳,2020/04/12,4,"""價格公道東西種類多"""
610,仙客來海鮮庭園餐廳,2020/04/12,1,"""可以請客人好好停車嗎？是路霸嗎？半條馬路都你們店的？車停在馬路上，或擋在人行道上；真的很煩！一堆抽菸喝酒嘔吐大聲喧嘩的⋯看了就很反胃🤢"""
611,仙客來海鮮庭園餐廳,2020/04/12,4,"""東西好吃，可是有一個大哥態度不是很好"""
612,仙客來海鮮庭園餐廳,2020/04/12,4,"""便宜好吃! ，提前預約比較快~"""
613,仙客來海鮮庭園餐廳,2020/04/12,4,"""不錯吃"""
614,仙客來海鮮庭園餐廳,2020/04/21,5,"""不錯"""
615,仙客來海鮮庭園餐廳,2020/04/21,1,"""留點口德好了，反正不會再去，就這樣"""
616,仙客來海鮮庭園餐廳,2020/04/21,4,"""整體而言不錯，下次會考慮再去"""
617,仙客來海鮮庭園餐廳,2020/05/05,5,"""東西好吃！環境寬敞，寵物友善"""
618,仙客來海鮮庭園餐廳,2020/05/05,5,""" 超好吃，，"""
619,仙客來海鮮庭園餐廳,2020/05/07,5,"""滑蛋蝦仁好滑好好吃💕💕"""
620,仙客來海鮮庭園餐廳,2020/05/10,5,"""台北最喜歡的熱炒店，比石牌大發好吃，份量大，每道菜都好吃，沒遇到雷過。，無限量的白飯有時候會很乾，缺點是地理位置不方便…在兩個捷運站中間"""
